<?xml version="1.0" encoding="UTF-8"?>
<configuration debug="true">
    <springProperty scope="context" name="alllog" source="logback.appender.all.file" defaultValue="logs/all.log"/>
    <springProperty scope="context" name="debuglog" source="logback.appender.debug.file" defaultValue="logs/debug.log"/>
    <springProperty scope="context" name="errlog" source="logback.appender.error.file" defaultValue="logs/err.log"/>

    <!-- 格式化输出：%d表示日期，%thread表示线程名，%-5level:级别从左显示5个字符宽度，%msg:日志消息，%n:是换行符 %X从MDC取值-->
    <property name="logPattern" value="%d{yyyy-MM-dd HH:mm:ss,SSS} %5p %c{1}:%L %X{req.sessionId}%X{req.clientIp}%X{req.fullstr} - %m%n"/>

    <!-- 控制台输出 -->
    <appender name="CONSOLE" class="ch.qos.logback.core.ConsoleAppender">
        <withJansi>false</withJansi>
        <encoder class="ch.qos.logback.classic.encoder.PatternLayoutEncoder">
            <pattern>${logPattern}</pattern>
            <charset>UTF-8</charset>
        </encoder>
        <filter class="ch.qos.logback.core.filter.EvaluatorFilter">
            <evaluator><!--默认为ch.qos.logback.classic.boolex.JaninoEventEvaluator，控制台输出过滤连接数据库的心跳包-->
                <expression>return level>DEBUG <![CDATA[ && ]]> !message.matches("SELECT 1 \\n .*");</expression>
            </evaluator>
            <OnMatch>ACCEPT</OnMatch>
            <onMismatch>DENY</onMismatch>
        </filter>
    </appender>

    <!--详细输出-->
    <appender name="ALLFILE" class="ch.qos.logback.core.rolling.RollingFileAppender">
        <file>${alllog}</file>
        <append>true</append>
        <!--
            按照时间来记录日志，最多20个日志，每个日志最多100M，
            假设一天峰值达到100MB * 10个日志。超出1GB后，旧日志将被删除，设定最大大小1.5GB
        -->
        <!--
            使用SizeAndTimeBasedRollingPolicy 就不用 triggeringPolicy了

            <rollingPolicy class="ch.qos.logback.core.rolling.SizeAndTimeBasedRollingPolicy">
                 <fileNamePattern>${alllog}-%d{yyyy-MM-dd}.%i.zip</fileNamePattern>
                 <maxFileSize>100MB</maxFileSize>
                 <maxHistory>15</maxHistory>
                 <totalSizeCap>1GB</totalSizeCap>
            </rollingPolicy>
        -->

        <!-- 换成基于大小来滚动日志，不需要每天记录一个小文件归档 -->
        <rollingPolicy class="ch.qos.logback.core.rolling.FixedWindowRollingPolicy">
            <fileNamePattern>${alllog}-%i.zip</fileNamePattern>
            <minIndex>1</minIndex>
            <maxIndex>15</maxIndex>
        </rollingPolicy>
        <triggeringPolicy class="ch.qos.logback.core.rolling.SizeBasedTriggeringPolicy">
            <MaxFileSize>10MB</MaxFileSize>
        </triggeringPolicy>

        <encoder>
            <pattern>${logPattern}</pattern>
        </encoder>

        <filter class="ch.qos.logback.core.filter.EvaluatorFilter">
            <evaluator><!--默认为ch.qos.logback.classic.boolex.JaninoEventEvaluator-->
                <expression>return level>DEBUG <![CDATA[ && ]]> !logger.contains("FeignClientHandlerMapping");</expression>
            </evaluator>
            <OnMatch>ACCEPT</OnMatch>
            <onMismatch>DENY</onMismatch>
        </filter>
    </appender>

    <!--详细输出-->
    <appender name="ALLFILE" class="ch.qos.logback.core.rolling.RollingFileAppender">
        <file>${errlog}</file>
        <append>true</append>
        <!--
            按照时间来记录日志，最多20个日志，每个日志最多100M，
            假设一天峰值达到100MB * 10个日志。超出1GB后，旧日志将被删除，设定最大大小1.5GB
        -->
        <!--
            使用SizeAndTimeBasedRollingPolicy 就不用 triggeringPolicy了

            <rollingPolicy class="ch.qos.logback.core.rolling.SizeAndTimeBasedRollingPolicy">
                 <fileNamePattern>${alllog}-%d{yyyy-MM-dd}.%i.zip</fileNamePattern>
                 <maxFileSize>100MB</maxFileSize>
                 <maxHistory>15</maxHistory>
                 <totalSizeCap>1GB</totalSizeCap>
            </rollingPolicy>
        -->

        <!-- 换成基于大小来滚动日志，不需要每天记录一个小文件归档 -->
        <rollingPolicy class="ch.qos.logback.core.rolling.FixedWindowRollingPolicy">
            <fileNamePattern>${errlog}-%i.zip</fileNamePattern>
            <minIndex>1</minIndex>
            <maxIndex>10</maxIndex>
        </rollingPolicy>
        <triggeringPolicy class="ch.qos.logback.core.rolling.SizeBasedTriggeringPolicy">
            <MaxFileSize>10MB</MaxFileSize>
        </triggeringPolicy>

        <encoder>
            <pattern>${logPattern}</pattern>
        </encoder>

        <filter class="ch.qos.logback.classic.filter.ThresholdFilter">
            <level>ERROR</level>
        </filter>
    </appender>

    <!-- 开发环境下的日志配置 -->
    <springProfile name="dev,stg">

        <!-- 调试输出 -->
        <appender name="DEBUGFILE" class="ch.qos.logback.core.rolling.RollingFileAppender">
            <file>${debuglog}</file>
            <append>true</append>

            <!-- 换成基于大小来滚动日志，不需要每天记录一个小文件归档 -->
            <rollingPolicy class="ch.qos.logback.core.rolling.FixedWindowRollingPolicy">
                <fileNamePattern>${debuglog}-%i.zip</fileNamePattern>
                <minIndex>1</minIndex>
                <maxIndex>10</maxIndex>
            </rollingPolicy>
            <triggeringPolicy class="ch.qos.logback.core.rolling.SizeBasedTriggeringPolicy">
                <MaxFileSize>10MB</MaxFileSize>
            </triggeringPolicy>

            <encoder>
                <pattern>${logPattern}</pattern>
            </encoder>

            <filter class="ch.qos.logback.classic.filter.ThresholdFilter">
                <level>DEBUG</level>
            </filter>
        </appender>

        <root level="INFO">
            <appender-ref ref="CONSOLE" />
            <appender-ref ref="ERRFILE" />
        </root>

        <logger name="com.xudasong.service.springcloudservice" level="DEBUG" addtivity="true">
            <appender-ref ref="ALLFILE" />
            <appender-ref ref="DEBUGFILE" />
        </logger>
    </springProfile>

    <!-- 生产环境下的日志配置 -->
    <springProfile name="prd">
        <root level="INFO">
            <appender-ref ref="CONSOLE" />
            <appender-ref ref="ERRFILE" />
        </root>

        <logger name="com.xudasong.service.springcloudservice" level="INFO" addtivity="true">
            <appender-ref ref="ALLFILE" />
        </logger>
    </springProfile>
</configuration>